Partner,Type,ID,Compare
ACTED,Rows are Duplicates,1_299,1_309
ACTED,Rows are Duplicates,1_194,1_196
ACTED,Rows are Duplicates,1_204,1_205
ACTED,Rows are Duplicates,1_320,1_323
ACTED,Rows are Duplicates,1_417,1_419
ACTED,Rows are Duplicates,1_541,1_538
ACTED,Rows are Duplicates,1_761,1_759
ACTED,Rows are Duplicates,1_733,1_740
ACTED,Rows are Duplicates,1_738,1_734
ACTED,Rows are Duplicates,1_729,1_727
ACTED,Rows are Duplicates,1_1030,1_1022
ACTED,Rows are Duplicates,1_1171,1_1162
ACTED,Rows are Duplicates,1_1170,1_1168
ACTED,Rows are Duplicates,1_887,1_885
ACTED,Rows are Duplicates,1_1161,1_1165
ACTED,Septic Backup Values Not Equal,2_50,
ACTED,Septic Backup Values Not Equal,2_51,
ACTED,Septic Backup Values Not Equal,2_52,
ACTED,Septic Backup Values Not Equal,2_53,
ACTED,Septic Backup Values Not Equal,2_54,
ACTED,Septic Backup Values Not Equal,2_55,
ACTED,Septic Backup Values Not Equal,2_56,
ACTED,Septic Backup Values Not Equal,2_63,
ACTED,Septic Backup Values Not Equal,2_64,
ACTED,Septic Backup Values Not Equal,2_65,
ACTED,Septic Backup Values Not Equal,2_66,
ACTED,Septic Backup Values Not Equal,2_67,
ACTED,Septic Backup Values Not Equal,2_68,
ACTED,Septic Backup Values Not Equal,2_69,
ACTED,Septic Backup Values Not Equal,2_389,
ACTED,Septic Backup Values Not Equal,2_390,
ACTED,Septic Backup Values Not Equal,2_391,
ACTED,Septic Backup Values Not Equal,2_392,
ACTED,Septic Backup Values Not Equal,2_393,
ACTED,Septic Backup Values Not Equal,2_394,
ACTED,Rows are Duplicates,2_517,2_519
ACTED,House Parameters Missing,9_607,
ACTED,House Parameters Missing,9_608,
ACTED,House Parameters Missing,9_609,
ACTED,House Parameters Missing,9_610,
ACTED,House Parameters Missing,9_611,
ACTED,House Parameters Missing,9_612,
ACTED,House Parameters Missing,9_613,
ACTED,House Parameters Missing,9_614,
ACTED,House Parameters Missing,9_615,
ACTED,House Parameters Missing,9_616,
ACTED,House Parameters Missing,9_617,
ACTED,House Parameters Missing,9_618,
ACTED,House Parameters Missing,9_619,
ACTED,House Parameters Missing,9_620,
ACTED,House Parameters Missing,9_621,
ACTED,House Parameters Missing,9_622,
ACTED,House Parameters Missing,9_623,
ACTED,House Parameters Missing,9_624,
ACTED,House Parameters Missing,9_625,
ACTED,House Parameters Missing,9_626,
ACTED,House Parameters Missing,9_627,
ACTED,House Parameters Missing,9_628,
ACTED,House Parameters Missing,9_629,
ACTED,House Parameters Missing,9_630,
ACTED,House Parameters Missing,9_687,
ACTED,House Parameters Missing,9_688,
ACTED,House Parameters Missing,9_689,
ACTED,House Parameters Missing,9_690,
ACTED,House Parameters Missing,9_691,
ACTED,House Parameters Missing,9_692,
ACTED,House Parameters Missing,9_693,
ACTED,House Parameters Missing,9_694,
ACTED,House Parameters Missing,9_695,
ACTED,House Parameters Missing,9_696,
ACTED,House Parameters Missing,9_697,
ACTED,House Parameters Missing,9_698,
ACTED,House Parameters Missing,9_699,
ACTED,House Parameters Missing,9_700,
ACTED,House Parameters Missing,9_701,
ACTED,House Parameters Missing,9_702,
ACTED,House Parameters Missing,9_703,
ACTED,House Parameters Missing,9_704,
ACTED,House Parameters Missing,9_705,
ACTED,House Parameters Missing,9_706,
ACTED,House Parameters Missing,9_707,
ACTED,House Parameters Missing,9_708,
ACTED,House Parameters Missing,9_709,
ACTED,House Parameters Missing,9_710,
ACTED,House Parameters Missing,9_711,
ACTED,House Parameters Missing,9_712,
ACTED,House Parameters Missing,9_713,
ACTED,House Parameters Missing,9_714,
ACTED,House Parameters Missing,9_715,
ACTED,House Parameters Missing,9_718,
ACTED,House Parameters Missing,9_719,
ACTED,House Parameters Missing,9_720,
ACTED,House Parameters Missing,9_721,
ACTED,House Parameters Missing,9_722,
ACTED,House Parameters Missing,9_723,
ACTED,House Parameters Missing,9_724,
ACTED,House Parameters Missing,9_725,
ACTED,House Parameters Missing,9_726,
ACTED,House Parameters Missing,9_727,
ACTED,House Parameters Missing,9_737,
ACTED,House Parameters Missing,9_738,
ACTED,House Parameters Missing,9_739,
ACTED,House Parameters Missing,9_740,
ACTED,House Parameters Missing,9_741,
ACTED,House Parameters Missing,9_742,
ACTED,House Parameters Missing,9_773,
ACTED,House Parameters Missing,9_774,
ACTED,House Parameters Missing,9_775,
ACTED,House Parameters Missing,9_776,
ACTED,House Parameters Missing,9_777,
ACTED,House Parameters Missing,9_778,
ACTED,House Parameters Missing,9_779,
ACTED,House Parameters Missing,9_780,
ACTED,House Parameters Missing,9_781,
ACTED,House Parameters Missing,9_782,
ACTED,House Parameters Missing,9_783,
ACTED,House Parameters Missing,9_784,
ACTED,House Parameters Missing,9_803,
ACTED,House Parameters Missing,9_804,
ACTED,House Parameters Missing,9_805,
ACTED,House Parameters Missing,9_806,
ACTED,House Parameters Missing,9_807,
ACTED,House Parameters Missing,9_808,
ACTED,House Parameters Missing,9_809,
ACTED,House Parameters Missing,9_810,
ACTED,House Parameters Missing,9_811,
ACTED,House Parameters Missing,9_812,
ACTED,House Parameters Missing,9_813,
ACTED,House Parameters Missing,9_814,
ACTED,House Parameters Missing,9_815,
ACTED,House Parameters Missing,9_816,
ACTED,House Parameters Missing,9_828,
ACTED,House Parameters Missing,9_829,
ACTED,House Parameters Missing,9_830,
ACTED,House Parameters Missing,9_831,
ACTED,House Parameters Missing,9_832,
ACTED,House Parameters Missing,9_833,
ACTED,House Parameters Missing,9_834,
ACTED,House Parameters Missing,9_835,
ACTED,House Parameters Missing,9_836,
ACTED,House Parameters Missing,9_837,
ACTED,House Parameters Missing,9_838,
ACTED,House Parameters Missing,9_839,
ACTED,House Parameters Missing,9_840,
ACTED,House Parameters Missing,9_841,
ACTED,House Parameters Missing,9_842,
ACTED,House Parameters Missing,9_843,
ACTED,House Parameters Missing,9_844,
ACTED,House Parameters Missing,9_845,
ACTED,House Parameters Missing,9_846,
ACTED,House Parameters Missing,9_847,
ACTED,House Parameters Missing,9_879,
ACTED,House Parameters Missing,9_880,
ACTED,House Parameters Missing,9_881,
ACTED,House Parameters Missing,9_882,
ACTED,House Parameters Missing,9_883,
ACTED,House Parameters Missing,9_884,
ACTED,House Parameters Missing,9_885,
ACTED,House Parameters Missing,9_886,
ACTED,House Parameters Missing,9_887,
ACTED,House Parameters Missing,9_888,
ACTED,House Parameters Missing,9_889,
ACTED,House Parameters Missing,9_906,
ACTED,House Parameters Missing,9_907,
ACTED,House Parameters Missing,9_908,
ACTED,House Parameters Missing,9_909,
ACTED,House Parameters Missing,9_910,
ACTED,House Parameters Missing,9_911,
ACTED,House Parameters Missing,9_912,
ACTED,House Parameters Missing,9_913,
ACTED,House Parameters Missing,9_1302,
ACTED,House Parameters Missing,9_1303,
ACTED,House Parameters Missing,9_1304,
ACTED,House Parameters Missing,9_1305,
ACTED,House Parameters Missing,9_1306,
ACTED,House Parameters Missing,9_1307,
ACTED,House Parameters Missing,9_1308,
ACTED,House Parameters Missing,9_1309,
ACTED,House Parameters Missing,9_1310,
ACTED,House Parameters Missing,9_1311,
ACTED,House Parameters Missing,9_1312,
ACTED,House Parameters Missing,9_1313,
ACTED,House Parameters Missing,9_1314,
ACTED,House Parameters Missing,9_1315,
ACTED,House Parameters Missing,9_1316,
ACTED,House Parameters Missing,9_1317,
ACTED,House Parameters Missing,9_1318,
ACTED,House Parameters Missing,9_1319,
ACTED,House Parameters Missing,9_1320,
ACTED,House Parameters Missing,9_1321,
ACTED,House Parameters Missing,9_1322,
ACTED,House Parameters Missing,9_1323,
ACTED,House Parameters Missing,9_1324,
ACTED,House Parameters Missing,9_1325,
ACTED,House Parameters Missing,9_1326,
ACTED,House Parameters Missing,9_1327,
ACTED,House Parameters Missing,9_1328,
ACTED,House Parameters Missing,9_1329,
ACTED,House Parameters Missing,9_1330,
ACTED,House Parameters Missing,9_1331,
ACTED,House Parameters Missing,9_1332,
ACTED,House Parameters Missing,9_1333,
ACTED,House Parameters Missing,9_1334,
ACTED,House Parameters Missing,9_1335,
ACTED,House Parameters Missing,9_1336,
ACTED,House Parameters Missing,9_1337,
ACTED,House Parameters Missing,9_1338,
ACTED,House Parameters Missing,9_1339,
ACTED,House Parameters Missing,9_1340,
ACTED,House Parameters Missing,9_1341,
ACTED,House Parameters Missing,9_1342,
ACTED,House Parameters Missing,9_1343,
ACTED,House Parameters Missing,9_1344,
ACTED,House Parameters Missing,9_1345,
ACTED,House Parameters Missing,9_1346,
ACTED,House Parameters Missing,9_1347,
ACTED,House Parameters Missing,9_1348,
ACTED,House Parameters Missing,9_1349,
ACTED,House Parameters Missing,9_1350,
ACTED,House Parameters Missing,9_1351,
ACTED,House Parameters Missing,9_1352,
ACTED,House Parameters Missing,9_1353,
ACTED,House Parameters Missing,9_1354,
ACTED,House Parameters Missing,9_1355,
ACTED,House Parameters Missing,9_1356,
ACTED,House Parameters Missing,9_1357,
ACTED,House Parameters Missing,9_1358,
ACTED,House Parameters Missing,9_1359,
ACTED,House Parameters Missing,9_1360,
ACTED,House Parameters Missing,11_331,
ACTED,Steel Parameters Missing,11_331,
ACTED,House Parameters Missing,11_332,
ACTED,Steel Parameters Missing,11_332,
ACTED,House Parameters Missing,11_333,
ACTED,Steel Parameters Missing,11_333,
ACTED,House Parameters Missing,11_334,
ACTED,Steel Parameters Missing,11_334,
ACTED,House Parameters Missing,11_335,
ACTED,Steel Parameters Missing,11_335,
ACTED,House Parameters Missing,11_1083,
ACTED,Steel Parameters Missing,11_1083,
ACTED,House Parameters Missing,11_1084,
ACTED,Steel Parameters Missing,11_1084,
ACTED,House Parameters Missing,11_1085,
ACTED,Steel Parameters Missing,11_1085,
ACTED,House Parameters Missing,11_1143,
ACTED,Steel Parameters Missing,11_1143,
ACTED,Steel Parameters Missing,11_1294,
ACTED,Steel Parameters Missing,11_1295,
ACTED,Steel Parameters Missing,11_1296,
ACTED,Steel Parameters Missing,11_1297,
ACTED,Steel Parameters Missing,11_1298,
ACTED,Steel Parameters Missing,11_1299,
ACTED,Rows are Duplicates,11_149,11_153
ACTED,Rows are Duplicates,11_629,11_624
ACTED,Rows are Duplicates,11_587,11_584
ACTED,Rows are Duplicates,11_509,11_508
ACTED,Rows are Duplicates,11_494,11_487
ACTED,Rows are Duplicates,11_453,11_457
ACTED,Rows are Duplicates,11_458,11_452
ACTED,Rows are Duplicates,11_459,11_451
ACTED,Rows are Duplicates,11_386,11_384
ACTED,Rows are Duplicates,11_812,11_814
ACTED,Rows are Duplicates,11_827,11_834
ACTED,Rows are Duplicates,11_877,11_871
ACTED,Rows are Duplicates,11_903,11_901
ACTED,Rows are Duplicates,11_1371,11_1373
ACTED,Rows are Duplicates,11_1263,11_1261
ACTED,Rows are Duplicates,11_1072,11_1070
ACTED,House Parameters Missing,12_141,
ACTED,Steel Parameters Missing,12_141,
ACTED,House Parameters Missing,12_143,
ACTED,Steel Parameters Missing,12_143,
ACTED,House Parameters Missing,12_152,
ACTED,House Parameters Missing,12_535,
ACTED,Rows are Duplicates,12_4,12_3
ACTED,Rows are Duplicates,12_435,12_439
ACTED,Rows are Duplicates,12_287,12_290
ACTED,Rows are Duplicates,12_971,12_972
ACTED,Rows are Duplicates,12_965,12_972
JEN,House Parameters Missing,375	,
JEN,Steel Parameters Missing,375	,
JEN,Steel Parameters Missing,519	,
JEN,Steel Parameters Missing,594	,
JEN,Steel Parameters Missing,595	,
JEN,Steel Parameters Missing,596	,
JEN,Steel Parameters Missing,597	,
JEN,Steel Parameters Missing,598	,
JEN,Steel Parameters Missing,850	,
JEN,Steel Parameters Missing,900	,
JEN,Steel Parameters Missing,901	,
JEN,Steel Parameters Missing,910	,
JEN,Steel Parameters Missing,911	,
JEN,Steel Parameters Missing,912	,
JEN,Steel Parameters Missing,913	,
JEN,House Parameters Missing,933	,
JEN,Steel Parameters Missing,978	,
JEN,Steel Parameters Missing,991	,
JEN,Steel Parameters Missing,992	,
JEN,Steel Parameters Missing,993	,
JEN,Steel Parameters Missing,994	,
JEN,Steel Parameters Missing,995	,
JEN,Steel Parameters Missing,996	,
JEN,House Parameters Missing,1049	,
JEN,Steel Parameters Missing,1106	,
JEN,Steel Parameters Missing,1107	,
JEN,Steel Parameters Missing,1108	,
JEN,Steel Parameters Missing,1109	,
JEN,House Parameters Missing,1215	,
JEN,Steel Parameters Missing,1241	,
JEN,Steel Parameters Missing,1242	,
JEN,Steel Parameters Missing,1243	,
JEN,Steel Parameters Missing,1244	,
JEN,Steel Parameters Missing,1245	,
JEN,Steel Parameters Missing,1246	,
JEN,Steel Parameters Missing,1247	,
JEN,Steel Parameters Missing,1248	,
JEN,Steel Parameters Missing,1249	,
JEN,Steel Parameters Missing,1250	,
JEN,Steel Parameters Missing,1251	,
JEN,Steel Parameters Missing,1252	,
JEN,Steel Parameters Missing,1253	,
JEN,Steel Parameters Missing,1254	,
JEN,Steel Parameters Missing,1255	,
JEN,Steel Parameters Missing,1256	,
JEN,Steel Parameters Missing,1257	,
JEN,Steel Parameters Missing,1258	,
JEN,Steel Parameters Missing,1259	,
JEN,Steel Parameters Missing,1260	,
JEN,Steel Parameters Missing,1261	,
JEN,Steel Parameters Missing,1262	,
JEN,Steel Parameters Missing,1263	,
JEN,Steel Parameters Missing,1264	,
JEN,Steel Parameters Missing,1265	,
JEN,Steel Parameters Missing,1266	,
JEN,Steel Parameters Missing,1267	,
JEN,Steel Parameters Missing,1268	,
JEN,Steel Parameters Missing,1269	,
JEN,Steel Parameters Missing,1270	,
JEN,Steel Parameters Missing,1271	,
JEN,Steel Parameters Missing,1272	,
JEN,Steel Parameters Missing,1273	,
JEN,Steel Parameters Missing,1274	,
JEN,Steel Parameters Missing,1275	,
JEN,Steel Parameters Missing,1276	,
JEN,Steel Parameters Missing,1277	,
JEN,Steel Parameters Missing,1278	,
JEN,Steel Parameters Missing,1279	,
JEN,Steel Parameters Missing,1280	,
JEN,Steel Parameters Missing,1281	,
JEN,Steel Parameters Missing,1282	,
JEN,Steel Parameters Missing,1283	,
JEN,Steel Parameters Missing,1284	,
JEN,Steel Parameters Missing,1285	,
JEN,Steel Parameters Missing,1286	,
JEN,Steel Parameters Missing,1287	,
JEN,Steel Parameters Missing,1288	,
JEN,Steel Parameters Missing,1289	,
JEN,Steel Parameters Missing,1290	,
JEN,Steel Parameters Missing,1291	,
JEN,Steel Parameters Missing,1292	,
JEN,Steel Parameters Missing,1293	,
JEN,Steel Parameters Missing,1294	,
JEN,Steel Parameters Missing,1295	,
JEN,Steel Parameters Missing,1296	,
JEN,Steel Parameters Missing,1297	,
JEN,Steel Parameters Missing,1299	,
JEN,Steel Parameters Missing,1300	,
JEN,Steel Parameters Missing,1301	,
JEN,Steel Parameters Missing,1401	,
JEN,Steel Parameters Missing,1402	,
JEN,Steel Parameters Missing,1403	,
JEN,Steel Parameters Missing,1404	,
JEN,Steel Parameters Missing,1405	,
JEN,Steel Parameters Missing,1406	,
JEN,Steel Parameters Missing,1407	,
JEN,Steel Parameters Missing,1408	,
JEN,Steel Parameters Missing,1491	,
JEN,Steel Parameters Missing,1492	,
JEN,Steel Parameters Missing,1506	,
JEN,Steel Parameters Missing,1507	,
JEN,Steel Parameters Missing,1508	,
JEN,Steel Parameters Missing,1509	,
JEN,Steel Parameters Missing,1510	,
JEN,Steel Parameters Missing,1615	,
JEN,Steel Parameters Missing,1616	,
JEN,Steel Parameters Missing,1617	,
JEN,Steel Parameters Missing,1625	,
JEN,Steel Parameters Missing,1626	,
JEN,Steel Parameters Missing,1627	,
JEN,Steel Parameters Missing,1628	,
JEN,Steel Parameters Missing,1629	,
JEN,Steel Parameters Missing,1630	,
JEN,Steel Parameters Missing,1631	,
JEN,Steel Parameters Missing,1639	,
JEN,Rows Not Consistent,849,850
JEN,Rows Not Consistent,1116,1117
JEN,Rows Not Consistent,1436,1437
JEN,Rows Not Consistent,1617,1615
JEN,Rows Not Consistent,1615,1616
Oxfam,House Parameters Missing,19,
Oxfam,Steel Parameters Missing,19,
Oxfam,House Parameters Missing,42,
Oxfam,Steel Parameters Missing,42,
Oxfam,House Parameters Missing,46,
Oxfam,Steel Parameters Missing,46,
Oxfam,House Parameters Missing,73,
Oxfam,House Parameters Missing,118,
Oxfam,House Parameters Missing,245,
Oxfam,Steel Parameters Missing,245,
Oxfam,House Parameters Missing,303,
Oxfam,Steel Parameters Missing,303,
Oxfam,House Parameters Missing,472,
Oxfam,Steel Parameters Missing,472,
Oxfam,House Parameters Missing,509,
Oxfam,Steel Parameters Missing,509,
Oxfam,House Parameters Missing,544,
Oxfam,Steel Parameters Missing,544,
Oxfam,House Parameters Missing,830,
Oxfam,Steel Parameters Missing,830,
Oxfam,House Parameters Missing,971,
Oxfam,House Parameters Missing,1021,
Oxfam,Steel Parameters Missing,1021,
Oxfam,House Parameters Missing,1022,
Oxfam,Steel Parameters Missing,1022,
Oxfam,House Parameters Missing,1025,
Oxfam,Steel Parameters Missing,1025,
Oxfam,House Parameters Missing,1032,
Oxfam,Steel Parameters Missing,1032,
Oxfam,House Parameters Missing,1033,
Oxfam,Steel Parameters Missing,1033,
Oxfam,House Parameters Missing,1049,
Oxfam,Steel Parameters Missing,1049,
Oxfam,House Parameters Missing,1088,
Oxfam,Steel Parameters Missing,1088,
Oxfam,House Parameters Missing,1089,
Oxfam,Steel Parameters Missing,1089,
Oxfam,House Parameters Missing,1090,
Oxfam,Steel Parameters Missing,1090,
Oxfam,House Parameters Missing,1163,
Oxfam,Steel Parameters Missing,1163,
Oxfam,House Parameters Missing,1181,
Oxfam,Steel Parameters Missing,1181,
Oxfam,House Parameters Missing,1182,
Oxfam,Steel Parameters Missing,1182,
Oxfam,House Parameters Missing,1183,
Oxfam,Steel Parameters Missing,1183,
Oxfam,House Parameters Missing,1187,
Oxfam,House Parameters Missing,1188,
Oxfam,House Parameters Missing,1189,
Oxfam,House Parameters Missing,1190,
Oxfam,House Parameters Missing,1191,
Oxfam,House Parameters Missing,1192,
Oxfam,House Parameters Missing,1201,
Oxfam,House Parameters Missing,1202,
Oxfam,House Parameters Missing,1213,
Oxfam,Steel Parameters Missing,1213,
Oxfam,House Parameters Missing,1217,
Oxfam,Steel Parameters Missing,1217,
Oxfam,House Parameters Missing,1225,
Oxfam,House Parameters Missing,1237,
Oxfam,Steel Parameters Missing,1237,
Oxfam,House Parameters Missing,1254,
Oxfam,Steel Parameters Missing,1254,
Oxfam,House Parameters Missing,1260,
Oxfam,Steel Parameters Missing,1260,
Oxfam,House Parameters Missing,1261,
Oxfam,Steel Parameters Missing,1261,
Oxfam,House Parameters Missing,1262,
Oxfam,Steel Parameters Missing,1262,
Oxfam,House Parameters Missing,1265,
Oxfam,Steel Parameters Missing,1265,
Oxfam,House Parameters Missing,1293,
Oxfam,House Parameters Missing,1309,
Oxfam,Steel Parameters Missing,1309,
Oxfam,House Parameters Missing,1310,
Oxfam,Steel Parameters Missing,1310,
Oxfam,House Parameters Missing,1320,
Oxfam,House Parameters Missing,1321,
Oxfam,House Parameters Missing,1326,
Oxfam,House Parameters Missing,1332,
Oxfam,House Parameters Missing,1344,
Oxfam,Steel Parameters Missing,1344,
Oxfam,House Parameters Missing,1351,
Oxfam,Steel Parameters Missing,1351,
Oxfam,House Parameters Missing,1368,
Oxfam,Steel Parameters Missing,1368,
Oxfam,House Parameters Missing,1417,
Oxfam,Steel Parameters Missing,1417,
Oxfam,House Parameters Missing,1425,
Oxfam,Steel Parameters Missing,1425,
Oxfam,House Parameters Missing,1442,
Oxfam,House Parameters Missing,1447,
Oxfam,Steel Parameters Missing,1447,
Oxfam,House Parameters Missing,1462,
Oxfam,Steel Parameters Missing,1462,
Oxfam,House Parameters Missing,1477,
Oxfam,Steel Parameters Missing,1477,
Oxfam,House Parameters Missing,1478,
Oxfam,Steel Parameters Missing,1478,
Oxfam,House Parameters Missing,1487,
Oxfam,Steel Parameters Missing,1487,
Oxfam,House Parameters Missing,1501,
Oxfam,House Parameters Missing,1519,
Oxfam,Steel Parameters Missing,1519,
Oxfam,House Parameters Missing,1529,
Oxfam,House Parameters Missing,1591,
Oxfam,Steel Parameters Missing,1591,
Oxfam,House Parameters Missing,1611,
Oxfam,Steel Parameters Missing,1611,
Oxfam,House Parameters Missing,1612,
Oxfam,Steel Parameters Missing,1612,
Oxfam,House Parameters Missing,1617,
Oxfam,Steel Parameters Missing,1617,
Oxfam,House Parameters Missing,1621,
Oxfam,House Parameters Missing,1649,
Oxfam,House Parameters Missing,1672,
Oxfam,House Parameters Missing,1705,
Oxfam,Steel Parameters Missing,1705,
Oxfam,House Parameters Missing,1706,
Oxfam,Steel Parameters Missing,1706,
Oxfam,House Parameters Missing,1707,
Oxfam,Steel Parameters Missing,1707,
Oxfam,House Parameters Missing,1724,
Oxfam,Steel Parameters Missing,1724,
Oxfam,House Parameters Missing,1725,
Oxfam,Steel Parameters Missing,1725,
Oxfam,House Parameters Missing,1729,
Oxfam,Steel Parameters Missing,1729,
Oxfam,House Parameters Missing,1734,
Oxfam,Steel Parameters Missing,1734,
Oxfam,House Parameters Missing,1741,
Oxfam,Steel Parameters Missing,1741,
Oxfam,House Parameters Missing,1742,
Oxfam,Steel Parameters Missing,1742,
Oxfam,House Parameters Missing,1744,
Oxfam,Steel Parameters Missing,1744,
Oxfam,House Parameters Missing,1759,
Oxfam,Steel Parameters Missing,1759,
Oxfam,House Parameters Missing,1787,
Oxfam,Steel Parameters Missing,1787,
Oxfam,House Parameters Missing,1788,
Oxfam,Steel Parameters Missing,1788,
Oxfam,House Parameters Missing,1801,
Oxfam,Steel Parameters Missing,1801,
Oxfam,House Parameters Missing,1802,
Oxfam,Steel Parameters Missing,1802,
Oxfam,House Parameters Missing,1819,
Oxfam,Steel Parameters Missing,1819,
Oxfam,House Parameters Missing,1820,
Oxfam,Steel Parameters Missing,1820,
Oxfam,House Parameters Missing,1827,
Oxfam,Steel Parameters Missing,1827,
Oxfam,House Parameters Missing,1831,
Oxfam,Steel Parameters Missing,1831,
Oxfam,House Parameters Missing,1874,
Oxfam,House Parameters Missing,1875,
Oxfam,House Parameters Missing,1894,
Oxfam,Steel Parameters Missing,1894,
Oxfam,House Parameters Missing,1907,
Oxfam,House Parameters Missing,1976,
Oxfam,Steel Parameters Missing,1976,
Oxfam,House Parameters Missing,1984,
Oxfam,Steel Parameters Missing,1984,
Oxfam,House Parameters Missing,1992,
Oxfam,Steel Parameters Missing,1992,
Oxfam,House Parameters Missing,2010,
Oxfam,Steel Parameters Missing,2010,
Oxfam,House Parameters Missing,2054,
Oxfam,Steel Parameters Missing,2054,
Oxfam,House Parameters Missing,2074,
Oxfam,Steel Parameters Missing,2074,
Oxfam,House Parameters Missing,2106,
Oxfam,Steel Parameters Missing,2106,
Oxfam,House Parameters Missing,2118,
Oxfam,Steel Parameters Missing,2118,
Oxfam,House Parameters Missing,2132,
Oxfam,Steel Parameters Missing,2132,
Oxfam,House Parameters Missing,2133,
Oxfam,Steel Parameters Missing,2133,
Oxfam,House Parameters Missing,2196,
Oxfam,House Parameters Missing,2204,
Oxfam,House Parameters Missing,2205,
Oxfam,House Parameters Missing,2206,
Oxfam,House Parameters Missing,2207,
Oxfam,House Parameters Missing,2227,
Oxfam,House Parameters Missing,2239,
Oxfam,House Parameters Missing,2247,
Oxfam,House Parameters Missing,2265,
Oxfam,House Parameters Missing,2291,
Oxfam,Steel Parameters Missing,2291,
Oxfam,Septic Backup Values Not Equal,4002,
Oxfam,Septic Backup Values Not Equal,4997,
Oxfam,House Backup Values Not Equal,4997,
Oxfam,Septic Backup Values Not Equal,4998,
Oxfam,House Backup Values Not Equal,4998,
Oxfam,Septic Backup Values Not Equal,4999,
Oxfam,House Backup Values Not Equal,4999,
Oxfam,Septic Backup Values Not Equal,5000,
Oxfam,House Backup Values Not Equal,5000,
Oxfam,Septic Backup Values Not Equal,5001,
Oxfam,House Backup Values Not Equal,5001,
Oxfam,Septic Backup Values Not Equal,5002,
Oxfam,House Backup Values Not Equal,5002,
Oxfam,Septic Backup Values Not Equal,5003,
Oxfam,House Backup Values Not Equal,5003,
Oxfam,Septic Backup Values Not Equal,5004,
Oxfam,House Backup Values Not Equal,5004,
Oxfam,Septic Backup Values Not Equal,5005,
Oxfam,House Backup Values Not Equal,5005,
Oxfam,Septic Backup Values Not Equal,5006,
Oxfam,House Backup Values Not Equal,5006,
Oxfam,Septic Backup Values Not Equal,5007,
Oxfam,House Backup Values Not Equal,5007,
Oxfam,Septic Backup Values Not Equal,5008,
Oxfam,House Backup Values Not Equal,5008,
Oxfam,Septic Backup Values Not Equal,5009,
Oxfam,House Backup Values Not Equal,5009,
Oxfam,Septic Backup Values Not Equal,5010,
Oxfam,House Backup Values Not Equal,5010,
Oxfam,Septic Backup Values Not Equal,5011,
Oxfam,House Backup Values Not Equal,5011,
Oxfam,Septic Backup Values Not Equal,5012,
Oxfam,House Backup Values Not Equal,5012,
Oxfam,Septic Backup Values Not Equal,5013,
Oxfam,House Backup Values Not Equal,5013,
Oxfam,Septic Backup Values Not Equal,5014,
Oxfam,House Backup Values Not Equal,5014,
Oxfam,Septic Backup Values Not Equal,5015,
Oxfam,House Backup Values Not Equal,5015,
Oxfam,Septic Backup Values Not Equal,5016,
Oxfam,House Backup Values Not Equal,5016,
Oxfam,Septic Backup Values Not Equal,5017,
Oxfam,House Backup Values Not Equal,5017,
Oxfam,Septic Backup Values Not Equal,5018,
Oxfam,House Backup Values Not Equal,5018,
Oxfam,Septic Backup Values Not Equal,5019,
Oxfam,House Backup Values Not Equal,5019,
Oxfam,Septic Backup Values Not Equal,5020,
Oxfam,House Backup Values Not Equal,5020,
Oxfam,Septic Backup Values Not Equal,5021,
Oxfam,House Backup Values Not Equal,5021,
Oxfam,Septic Backup Values Not Equal,5022,
Oxfam,House Backup Values Not Equal,5022,
Oxfam,Septic Backup Values Not Equal,5023,
Oxfam,House Backup Values Not Equal,5023,
Oxfam,Septic Backup Values Not Equal,5024,
Oxfam,House Backup Values Not Equal,5024,
Oxfam,Septic Backup Values Not Equal,5025,
Oxfam,House Backup Values Not Equal,5025,
Oxfam,Septic Backup Values Not Equal,5026,
Oxfam,House Backup Values Not Equal,5026,
Oxfam,Septic Backup Values Not Equal,5027,
Oxfam,House Backup Values Not Equal,5027,
Oxfam,Septic Backup Values Not Equal,5028,
Oxfam,House Backup Values Not Equal,5028,
Oxfam,Septic Backup Values Not Equal,5029,
Oxfam,House Backup Values Not Equal,5029,
Oxfam,Septic Backup Values Not Equal,5030,
Oxfam,House Backup Values Not Equal,5030,
Oxfam,Septic Backup Values Not Equal,5031,
Oxfam,House Backup Values Not Equal,5031,
Oxfam,Septic Backup Values Not Equal,5032,
Oxfam,House Backup Values Not Equal,5032,
Oxfam,Septic Backup Values Not Equal,5033,
Oxfam,House Backup Values Not Equal,5033,
Oxfam,Septic Backup Values Not Equal,5034,
Oxfam,House Backup Values Not Equal,5034,
Oxfam,Septic Backup Values Not Equal,5035,
Oxfam,House Backup Values Not Equal,5035,
Oxfam,Septic Backup Values Not Equal,5036,
Oxfam,House Backup Values Not Equal,5036,
Oxfam,Septic Backup Values Not Equal,5037,
Oxfam,House Backup Values Not Equal,5037,
Oxfam,Septic Backup Values Not Equal,5038,
Oxfam,House Backup Values Not Equal,5038,
Oxfam,Septic Backup Values Not Equal,5039,
Oxfam,House Backup Values Not Equal,5039,
Oxfam,Septic Backup Values Not Equal,5040,
Oxfam,House Backup Values Not Equal,5040,
Oxfam,Septic Backup Values Not Equal,5041,
Oxfam,House Backup Values Not Equal,5041,
Oxfam,Septic Backup Values Not Equal,5042,
Oxfam,House Backup Values Not Equal,5042,
Oxfam,Septic Backup Values Not Equal,5043,
Oxfam,House Backup Values Not Equal,5043,
Oxfam,Septic Backup Values Not Equal,5044,
Oxfam,House Backup Values Not Equal,5044,
Oxfam,Septic Backup Values Not Equal,5045,
Oxfam,House Backup Values Not Equal,5045,
Oxfam,Septic Backup Values Not Equal,5046,
Oxfam,House Backup Values Not Equal,5046,
Oxfam,Septic Backup Values Not Equal,5047,
Oxfam,House Backup Values Not Equal,5047,
Oxfam,Septic Backup Values Not Equal,5048,
Oxfam,House Backup Values Not Equal,5048,
Oxfam,Septic Backup Values Not Equal,5049,
Oxfam,House Backup Values Not Equal,5049,
Oxfam,Septic Backup Values Not Equal,5050,
Oxfam,House Backup Values Not Equal,5050,
Oxfam,Septic Backup Values Not Equal,5051,
Oxfam,House Backup Values Not Equal,5051,
Oxfam,Septic Backup Values Not Equal,5052,
Oxfam,House Backup Values Not Equal,5052,
Oxfam,Septic Backup Values Not Equal,5053,
Oxfam,House Backup Values Not Equal,5053,
Oxfam,Septic Backup Values Not Equal,5054,
Oxfam,House Backup Values Not Equal,5054,
Oxfam,Septic Backup Values Not Equal,5055,
Oxfam,House Backup Values Not Equal,5055,
Oxfam,Septic Backup Values Not Equal,5056,
Oxfam,House Backup Values Not Equal,5056,
Oxfam,Septic Backup Values Not Equal,5057,
Oxfam,House Backup Values Not Equal,5057,
Oxfam,Septic Backup Values Not Equal,5058,
Oxfam,House Backup Values Not Equal,5058,
Oxfam,Septic Parameters Missing,5059,
Oxfam,Septic Backup Values Not Equal,5059,
Oxfam,House Backup Values Not Equal,5059,
Oxfam,Septic Backup Values Not Equal,5060,
Oxfam,House Backup Values Not Equal,5060,
Oxfam,Septic Backup Values Not Equal,5061,
Oxfam,House Backup Values Not Equal,5061,
Oxfam,Septic Backup Values Not Equal,5062,
Oxfam,House Backup Values Not Equal,5062,
Oxfam,Septic Backup Values Not Equal,5063,
Oxfam,House Backup Values Not Equal,5063,
Oxfam,Septic Backup Values Not Equal,5064,
Oxfam,House Backup Values Not Equal,5064,
Oxfam,Septic Backup Values Not Equal,5065,
Oxfam,House Backup Values Not Equal,5065,
Oxfam,Septic Backup Values Not Equal,5066,
Oxfam,House Backup Values Not Equal,5066,
Oxfam,Septic Backup Values Not Equal,5067,
Oxfam,House Backup Values Not Equal,5067,
Oxfam,Septic Backup Values Not Equal,5068,
Oxfam,House Backup Values Not Equal,5068,
Oxfam,Septic Backup Values Not Equal,5069,
Oxfam,House Backup Values Not Equal,5069,
Oxfam,Septic Backup Values Not Equal,5070,
Oxfam,House Backup Values Not Equal,5070,
Oxfam,Septic Backup Values Not Equal,5071,
Oxfam,House Backup Values Not Equal,5071,
Oxfam,Septic Backup Values Not Equal,5072,
Oxfam,House Backup Values Not Equal,5072,
Oxfam,Septic Backup Values Not Equal,5073,
Oxfam,House Backup Values Not Equal,5073,
Oxfam,Septic Backup Values Not Equal,5074,
Oxfam,House Backup Values Not Equal,5074,
Oxfam,Septic Backup Values Not Equal,5075,
Oxfam,House Backup Values Not Equal,5075,
Oxfam,Septic Backup Values Not Equal,5076,
Oxfam,House Backup Values Not Equal,5076,
Oxfam,Septic Backup Values Not Equal,5077,
Oxfam,House Backup Values Not Equal,5077,
Oxfam,Septic Backup Values Not Equal,5078,
Oxfam,House Backup Values Not Equal,5078,
Oxfam,Septic Backup Values Not Equal,5079,
Oxfam,House Backup Values Not Equal,5079,
Oxfam,Septic Backup Values Not Equal,5080,
Oxfam,House Backup Values Not Equal,5080,
Oxfam,Septic Backup Values Not Equal,5081,
Oxfam,House Backup Values Not Equal,5081,
Oxfam,Septic Backup Values Not Equal,5082,
Oxfam,House Backup Values Not Equal,5082,
Oxfam,Septic Backup Values Not Equal,5083,
Oxfam,House Backup Values Not Equal,5083,
Oxfam,Septic Backup Values Not Equal,5084,
Oxfam,House Backup Values Not Equal,5084,
Oxfam,Septic Backup Values Not Equal,5085,
Oxfam,House Backup Values Not Equal,5085,
Oxfam,Septic Backup Values Not Equal,5086,
Oxfam,House Backup Values Not Equal,5086,
Oxfam,Septic Backup Values Not Equal,5087,
Oxfam,House Backup Values Not Equal,5087,
Oxfam,Septic Backup Values Not Equal,5088,
Oxfam,House Backup Values Not Equal,5088,
Oxfam,Septic Backup Values Not Equal,5089,
Oxfam,House Backup Values Not Equal,5089,
Oxfam,Septic Backup Values Not Equal,5090,
Oxfam,House Backup Values Not Equal,5090,
Oxfam,Septic Backup Values Not Equal,5091,
Oxfam,House Backup Values Not Equal,5091,
Oxfam,Septic Backup Values Not Equal,5092,
Oxfam,House Backup Values Not Equal,5092,
Oxfam,Septic Backup Values Not Equal,5093,
Oxfam,House Backup Values Not Equal,5093,
Oxfam,Septic Backup Values Not Equal,5094,
Oxfam,House Backup Values Not Equal,5094,
Oxfam,Septic Backup Values Not Equal,5095,
Oxfam,House Backup Values Not Equal,5095,
Oxfam,Septic Backup Values Not Equal,5096,
Oxfam,House Backup Values Not Equal,5096,
Oxfam,Septic Backup Values Not Equal,5097,
Oxfam,House Backup Values Not Equal,5097,
Oxfam,Septic Backup Values Not Equal,5098,
Oxfam,House Backup Values Not Equal,5098,
Oxfam,Septic Backup Values Not Equal,5099,
Oxfam,House Backup Values Not Equal,5099,
Oxfam,Septic Backup Values Not Equal,5100,
Oxfam,House Backup Values Not Equal,5100,
Oxfam,Septic Backup Values Not Equal,5101,
Oxfam,House Backup Values Not Equal,5101,
Oxfam,Septic Backup Values Not Equal,5102,
Oxfam,House Backup Values Not Equal,5102,
Oxfam,Septic Backup Values Not Equal,5103,
Oxfam,House Backup Values Not Equal,5103,
Oxfam,Septic Backup Values Not Equal,5104,
Oxfam,House Backup Values Not Equal,5104,
Oxfam,Septic Backup Values Not Equal,5105,
Oxfam,House Backup Values Not Equal,5105,
Oxfam,Septic Backup Values Not Equal,5106,
Oxfam,House Backup Values Not Equal,5106,
Oxfam,Septic Backup Values Not Equal,5107,
Oxfam,House Backup Values Not Equal,5107,
Oxfam,Septic Backup Values Not Equal,5108,
Oxfam,House Backup Values Not Equal,5108,
Oxfam,Septic Backup Values Not Equal,5109,
Oxfam,House Backup Values Not Equal,5109,
Oxfam,Septic Backup Values Not Equal,5110,
Oxfam,House Backup Values Not Equal,5110,
Oxfam,Septic Backup Values Not Equal,5111,
Oxfam,House Backup Values Not Equal,5111,
Oxfam,Septic Backup Values Not Equal,5112,
Oxfam,House Backup Values Not Equal,5112,
Oxfam,Septic Backup Values Not Equal,5113,
Oxfam,House Backup Values Not Equal,5113,
Oxfam,Septic Backup Values Not Equal,5114,
Oxfam,House Backup Values Not Equal,5114,
Oxfam,Septic Backup Values Not Equal,5115,
Oxfam,House Backup Values Not Equal,5115,
Oxfam,Septic Backup Values Not Equal,5116,
Oxfam,House Backup Values Not Equal,5116,
Oxfam,Septic Backup Values Not Equal,5117,
Oxfam,House Backup Values Not Equal,5117,
Oxfam,Septic Backup Values Not Equal,5118,
Oxfam,House Backup Values Not Equal,5118,
Oxfam,Septic Backup Values Not Equal,5119,
Oxfam,House Backup Values Not Equal,5119,
Oxfam,Septic Backup Values Not Equal,5120,
Oxfam,House Backup Values Not Equal,5120,
Oxfam,Septic Backup Values Not Equal,5121,
Oxfam,House Backup Values Not Equal,5121,
Oxfam,Septic Backup Values Not Equal,5122,
Oxfam,House Backup Values Not Equal,5122,
Oxfam,Septic Backup Values Not Equal,5123,
Oxfam,House Backup Values Not Equal,5123,
Oxfam,Septic Backup Values Not Equal,5124,
Oxfam,House Backup Values Not Equal,5124,
Oxfam,Septic Backup Values Not Equal,5125,
Oxfam,House Backup Values Not Equal,5125,
Oxfam,Septic Backup Values Not Equal,5126,
Oxfam,House Backup Values Not Equal,5126,
Oxfam,Septic Backup Values Not Equal,5127,
Oxfam,House Backup Values Not Equal,5127,
Oxfam,Septic Backup Values Not Equal,5128,
Oxfam,House Backup Values Not Equal,5128,
Oxfam,Septic Backup Values Not Equal,5129,
Oxfam,House Backup Values Not Equal,5129,
Oxfam,Septic Backup Values Not Equal,5130,
Oxfam,House Backup Values Not Equal,5130,
Oxfam,Septic Backup Values Not Equal,5131,
Oxfam,House Backup Values Not Equal,5131,
Oxfam,Septic Backup Values Not Equal,5132,
Oxfam,House Backup Values Not Equal,5132,
Oxfam,Septic Backup Values Not Equal,5133,
Oxfam,House Backup Values Not Equal,5133,
Oxfam,Septic Backup Values Not Equal,5134,
Oxfam,House Backup Values Not Equal,5134,
Oxfam,Septic Backup Values Not Equal,5135,
Oxfam,House Backup Values Not Equal,5135,
Oxfam,Septic Backup Values Not Equal,5136,
Oxfam,House Backup Values Not Equal,5136,
Oxfam,Septic Backup Values Not Equal,5137,
Oxfam,House Backup Values Not Equal,5137,
Oxfam,Septic Backup Values Not Equal,5138,
Oxfam,House Backup Values Not Equal,5138,
Oxfam,Septic Backup Values Not Equal,5139,
Oxfam,House Backup Values Not Equal,5139,
Oxfam,Septic Backup Values Not Equal,5140,
Oxfam,House Backup Values Not Equal,5140,
Oxfam,Septic Backup Values Not Equal,5141,
Oxfam,House Backup Values Not Equal,5141,
Oxfam,Septic Backup Values Not Equal,5142,
Oxfam,House Backup Values Not Equal,5142,
Oxfam,Septic Backup Values Not Equal,5143,
Oxfam,House Backup Values Not Equal,5143,
Oxfam,Septic Backup Values Not Equal,5144,
Oxfam,House Backup Values Not Equal,5144,
Oxfam,Septic Backup Values Not Equal,5145,
Oxfam,House Backup Values Not Equal,5145,
Oxfam,Septic Backup Values Not Equal,5146,
Oxfam,House Backup Values Not Equal,5146,
Oxfam,Septic Backup Values Not Equal,5147,
Oxfam,House Backup Values Not Equal,5147,
Oxfam,Septic Backup Values Not Equal,5148,
Oxfam,House Backup Values Not Equal,5148,
Oxfam,Septic Backup Values Not Equal,5149,
Oxfam,House Backup Values Not Equal,5149,
Oxfam,Septic Backup Values Not Equal,5150,
Oxfam,House Backup Values Not Equal,5150,
Oxfam,Septic Backup Values Not Equal,5151,
Oxfam,House Backup Values Not Equal,5151,
Oxfam,Septic Backup Values Not Equal,5152,
Oxfam,House Backup Values Not Equal,5152,
Oxfam,Septic Backup Values Not Equal,5153,
Oxfam,House Backup Values Not Equal,5153,
Oxfam,Septic Backup Values Not Equal,5154,
Oxfam,House Backup Values Not Equal,5154,
Oxfam,Septic Backup Values Not Equal,5155,
Oxfam,House Backup Values Not Equal,5155,
Oxfam,Septic Backup Values Not Equal,5156,
Oxfam,House Backup Values Not Equal,5156,
Oxfam,Septic Backup Values Not Equal,5157,
Oxfam,House Backup Values Not Equal,5157,
Oxfam,Septic Backup Values Not Equal,5158,
Oxfam,House Backup Values Not Equal,5158,
Oxfam,Septic Backup Values Not Equal,5159,
Oxfam,House Backup Values Not Equal,5159,
Oxfam,Septic Backup Values Not Equal,5160,
Oxfam,House Backup Values Not Equal,5160,
Oxfam,Septic Backup Values Not Equal,5161,
Oxfam,House Backup Values Not Equal,5161,
Oxfam,Septic Backup Values Not Equal,5162,
Oxfam,House Backup Values Not Equal,5162,
Oxfam,Septic Backup Values Not Equal,5163,
Oxfam,House Backup Values Not Equal,5163,
Oxfam,Septic Backup Values Not Equal,5164,
Oxfam,House Backup Values Not Equal,5164,
Oxfam,Septic Backup Values Not Equal,5165,
Oxfam,House Backup Values Not Equal,5165,
Oxfam,Septic Backup Values Not Equal,5166,
Oxfam,House Backup Values Not Equal,5166,
Oxfam,Septic Backup Values Not Equal,5167,
Oxfam,House Backup Values Not Equal,5167,
Oxfam,Septic Backup Values Not Equal,5168,
Oxfam,House Backup Values Not Equal,5168,
Oxfam,Septic Backup Values Not Equal,5169,
Oxfam,House Backup Values Not Equal,5169,
Oxfam,Septic Backup Values Not Equal,5170,
Oxfam,House Backup Values Not Equal,5170,
Oxfam,Septic Backup Values Not Equal,5171,
Oxfam,House Backup Values Not Equal,5171,
Oxfam,Septic Backup Values Not Equal,5172,
Oxfam,House Backup Values Not Equal,5172,
Oxfam,Septic Backup Values Not Equal,5173,
Oxfam,House Backup Values Not Equal,5173,
Oxfam,Septic Backup Values Not Equal,5174,
Oxfam,House Backup Values Not Equal,5174,
Oxfam,Septic Backup Values Not Equal,5175,
Oxfam,House Backup Values Not Equal,5175,
Oxfam,Septic Backup Values Not Equal,5176,
Oxfam,House Backup Values Not Equal,5176,
Oxfam,Septic Backup Values Not Equal,5177,
Oxfam,House Backup Values Not Equal,5177,
Oxfam,Septic Backup Values Not Equal,5178,
Oxfam,House Backup Values Not Equal,5178,
Oxfam,Septic Backup Values Not Equal,5179,
Oxfam,House Backup Values Not Equal,5179,
Oxfam,Septic Backup Values Not Equal,5180,
Oxfam,House Backup Values Not Equal,5180,
Oxfam,Septic Backup Values Not Equal,5181,
Oxfam,House Backup Values Not Equal,5181,
Oxfam,Septic Backup Values Not Equal,5182,
Oxfam,House Backup Values Not Equal,5182,
Oxfam,Septic Backup Values Not Equal,5183,
Oxfam,House Backup Values Not Equal,5183,
Oxfam,Septic Backup Values Not Equal,5184,
Oxfam,House Backup Values Not Equal,5184,
Oxfam,Septic Backup Values Not Equal,5185,
Oxfam,House Backup Values Not Equal,5185,
Oxfam,Septic Backup Values Not Equal,5186,
Oxfam,House Backup Values Not Equal,5186,
Oxfam,Septic Backup Values Not Equal,5187,
Oxfam,House Backup Values Not Equal,5187,
Oxfam,Septic Backup Values Not Equal,5188,
Oxfam,House Backup Values Not Equal,5188,
Oxfam,Septic Backup Values Not Equal,5189,
Oxfam,House Backup Values Not Equal,5189,
Oxfam,Septic Backup Values Not Equal,5190,
Oxfam,House Backup Values Not Equal,5190,
Oxfam,Septic Backup Values Not Equal,5191,
Oxfam,House Backup Values Not Equal,5191,
Oxfam,Septic Backup Values Not Equal,5192,
Oxfam,House Backup Values Not Equal,5192,
Oxfam,Septic Backup Values Not Equal,5193,
Oxfam,House Backup Values Not Equal,5193,
Oxfam,Septic Backup Values Not Equal,5194,
Oxfam,House Backup Values Not Equal,5194,
Oxfam,Septic Backup Values Not Equal,5195,
Oxfam,House Backup Values Not Equal,5195,
Oxfam,Septic Backup Values Not Equal,5196,
Oxfam,House Backup Values Not Equal,5196,
Oxfam,Septic Backup Values Not Equal,5197,
Oxfam,House Backup Values Not Equal,5197,
Oxfam,Septic Backup Values Not Equal,5198,
Oxfam,House Backup Values Not Equal,5198,
Oxfam,Septic Backup Values Not Equal,5199,
Oxfam,House Backup Values Not Equal,5199,
Oxfam,Septic Backup Values Not Equal,5200,
Oxfam,House Backup Values Not Equal,5200,
Oxfam,Septic Backup Values Not Equal,5201,
Oxfam,House Backup Values Not Equal,5201,
Oxfam,Septic Backup Values Not Equal,5202,
Oxfam,House Backup Values Not Equal,5202,
Oxfam,Septic Backup Values Not Equal,5203,
Oxfam,House Backup Values Not Equal,5203,
Oxfam,Septic Backup Values Not Equal,5204,
Oxfam,House Backup Values Not Equal,5204,
Oxfam,Septic Backup Values Not Equal,5205,
Oxfam,House Backup Values Not Equal,5205,
Oxfam,Septic Backup Values Not Equal,5206,
Oxfam,House Backup Values Not Equal,5206,
Oxfam,Septic Backup Values Not Equal,5207,
Oxfam,House Backup Values Not Equal,5207,
Oxfam,Septic Backup Values Not Equal,5208,
Oxfam,House Backup Values Not Equal,5208,
Oxfam,Septic Backup Values Not Equal,5209,
Oxfam,House Backup Values Not Equal,5209,
Oxfam,Septic Backup Values Not Equal,5210,
Oxfam,House Backup Values Not Equal,5210,
Oxfam,Septic Backup Values Not Equal,5211,
Oxfam,House Backup Values Not Equal,5211,
Oxfam,Septic Backup Values Not Equal,5212,
Oxfam,House Backup Values Not Equal,5212,
Oxfam,Septic Backup Values Not Equal,5213,
Oxfam,House Backup Values Not Equal,5213,
Oxfam,Septic Backup Values Not Equal,5214,
Oxfam,House Backup Values Not Equal,5214,
Oxfam,Septic Backup Values Not Equal,5215,
Oxfam,House Backup Values Not Equal,5215,
Oxfam,Septic Backup Values Not Equal,5216,
Oxfam,House Backup Values Not Equal,5216,
Oxfam,Septic Backup Values Not Equal,5217,
Oxfam,House Backup Values Not Equal,5217,
Oxfam,Septic Backup Values Not Equal,5218,
Oxfam,House Backup Values Not Equal,5218,
Oxfam,Septic Backup Values Not Equal,5219,
Oxfam,House Backup Values Not Equal,5219,
Oxfam,Septic Backup Values Not Equal,5220,
Oxfam,House Backup Values Not Equal,5220,
Oxfam,Septic Backup Values Not Equal,5221,
Oxfam,House Backup Values Not Equal,5221,
Oxfam,Septic Backup Values Not Equal,5222,
Oxfam,House Backup Values Not Equal,5222,
Oxfam,Septic Backup Values Not Equal,5223,
Oxfam,House Backup Values Not Equal,5223,
Oxfam,Septic Backup Values Not Equal,5224,
Oxfam,House Backup Values Not Equal,5224,
Oxfam,Septic Backup Values Not Equal,5225,
Oxfam,House Backup Values Not Equal,5225,
Oxfam,Septic Backup Values Not Equal,5226,
Oxfam,House Backup Values Not Equal,5226,
Oxfam,Septic Backup Values Not Equal,5227,
Oxfam,House Backup Values Not Equal,5227,
Oxfam,Septic Backup Values Not Equal,5228,
Oxfam,House Backup Values Not Equal,5228,
Oxfam,Septic Backup Values Not Equal,5229,
Oxfam,House Backup Values Not Equal,5229,
Oxfam,Septic Backup Values Not Equal,5230,
Oxfam,House Backup Values Not Equal,5230,
Oxfam,Septic Backup Values Not Equal,5231,
Oxfam,House Backup Values Not Equal,5231,
Oxfam,Septic Backup Values Not Equal,5232,
Oxfam,House Backup Values Not Equal,5232,
Oxfam,Septic Backup Values Not Equal,5233,
Oxfam,House Backup Values Not Equal,5233,
Oxfam,Septic Backup Values Not Equal,5234,
Oxfam,House Backup Values Not Equal,5234,
Oxfam,Septic Backup Values Not Equal,5235,
Oxfam,House Backup Values Not Equal,5235,
Oxfam,Septic Backup Values Not Equal,5236,
Oxfam,House Backup Values Not Equal,5236,
Oxfam,Septic Backup Values Not Equal,5237,
Oxfam,House Backup Values Not Equal,5237,
Oxfam,Septic Backup Values Not Equal,5238,
Oxfam,House Backup Values Not Equal,5238,
Oxfam,Septic Backup Values Not Equal,5239,
Oxfam,House Backup Values Not Equal,5239,
Oxfam,Septic Backup Values Not Equal,5240,
Oxfam,House Backup Values Not Equal,5240,
Oxfam,Septic Backup Values Not Equal,5241,
Oxfam,House Backup Values Not Equal,5241,
Oxfam,Septic Backup Values Not Equal,5242,
Oxfam,House Backup Values Not Equal,5242,
Oxfam,Septic Backup Values Not Equal,5243,
Oxfam,House Backup Values Not Equal,5243,
Oxfam,Septic Backup Values Not Equal,5244,
Oxfam,House Backup Values Not Equal,5244,
Oxfam,Septic Backup Values Not Equal,5245,
Oxfam,House Backup Values Not Equal,5245,
Oxfam,Septic Backup Values Not Equal,5246,
Oxfam,House Backup Values Not Equal,5246,
Oxfam,Septic Backup Values Not Equal,5247,
Oxfam,House Backup Values Not Equal,5247,
Oxfam,Septic Backup Values Not Equal,5248,
Oxfam,House Backup Values Not Equal,5248,
Oxfam,Septic Backup Values Not Equal,5249,
Oxfam,House Backup Values Not Equal,5249,
Oxfam,Septic Backup Values Not Equal,5250,
Oxfam,House Backup Values Not Equal,5250,
Oxfam,Septic Backup Values Not Equal,5251,
Oxfam,House Backup Values Not Equal,5251,
Oxfam,Septic Backup Values Not Equal,5252,
Oxfam,House Backup Values Not Equal,5252,
Oxfam,Septic Backup Values Not Equal,5253,
Oxfam,House Backup Values Not Equal,5253,
Oxfam,Septic Backup Values Not Equal,5254,
Oxfam,House Backup Values Not Equal,5254,
Oxfam,Septic Backup Values Not Equal,5255,
Oxfam,House Backup Values Not Equal,5255,
Oxfam,Septic Backup Values Not Equal,5256,
Oxfam,House Backup Values Not Equal,5256,
Oxfam,Septic Backup Values Not Equal,5257,
Oxfam,House Backup Values Not Equal,5257,
Oxfam,Septic Backup Values Not Equal,5258,
Oxfam,House Backup Values Not Equal,5258,
Oxfam,Septic Backup Values Not Equal,5259,
Oxfam,House Backup Values Not Equal,5259,
Oxfam,Septic Backup Values Not Equal,5260,
Oxfam,House Backup Values Not Equal,5260,
Oxfam,Septic Backup Values Not Equal,5261,
Oxfam,House Backup Values Not Equal,5261,
Oxfam,Septic Backup Values Not Equal,5262,
Oxfam,House Backup Values Not Equal,5262,
Oxfam,Septic Backup Values Not Equal,5263,
Oxfam,House Backup Values Not Equal,5263,
Oxfam,Septic Backup Values Not Equal,5264,
Oxfam,House Backup Values Not Equal,5264,
Oxfam,Septic Backup Values Not Equal,5265,
Oxfam,House Backup Values Not Equal,5265,
Oxfam,Septic Backup Values Not Equal,5266,
Oxfam,House Backup Values Not Equal,5266,
Oxfam,Septic Backup Values Not Equal,5267,
Oxfam,House Backup Values Not Equal,5267,
Oxfam,Septic Backup Values Not Equal,5268,
Oxfam,House Backup Values Not Equal,5268,
Oxfam,Septic Backup Values Not Equal,5269,
Oxfam,House Backup Values Not Equal,5269,
Oxfam,Septic Backup Values Not Equal,5270,
Oxfam,House Backup Values Not Equal,5270,
Oxfam,Septic Backup Values Not Equal,5271,
Oxfam,House Backup Values Not Equal,5271,
Oxfam,Septic Backup Values Not Equal,5272,
Oxfam,House Backup Values Not Equal,5272,
Oxfam,Septic Backup Values Not Equal,5273,
Oxfam,House Backup Values Not Equal,5273,
Oxfam,Septic Backup Values Not Equal,5274,
Oxfam,House Backup Values Not Equal,5274,
Oxfam,Septic Backup Values Not Equal,5275,
Oxfam,House Backup Values Not Equal,5275,
Oxfam,Septic Backup Values Not Equal,5276,
Oxfam,House Backup Values Not Equal,5276,
Oxfam,Septic Backup Values Not Equal,5277,
Oxfam,House Backup Values Not Equal,5277,
Oxfam,Septic Backup Values Not Equal,5278,
Oxfam,House Backup Values Not Equal,5278,
Oxfam,Septic Backup Values Not Equal,5279,
Oxfam,House Backup Values Not Equal,5279,
Oxfam,Septic Backup Values Not Equal,5280,
Oxfam,House Backup Values Not Equal,5280,
Oxfam,Septic Backup Values Not Equal,5281,
Oxfam,House Backup Values Not Equal,5281,
Oxfam,Septic Backup Values Not Equal,5282,
Oxfam,House Backup Values Not Equal,5282,
Oxfam,Septic Backup Values Not Equal,5283,
Oxfam,House Backup Values Not Equal,5283,
Oxfam,Septic Backup Values Not Equal,5284,
Oxfam,House Backup Values Not Equal,5284,
Oxfam,Septic Backup Values Not Equal,5285,
Oxfam,House Backup Values Not Equal,5285,
Oxfam,Septic Backup Values Not Equal,5286,
Oxfam,House Backup Values Not Equal,5286,
Oxfam,Septic Backup Values Not Equal,5287,
Oxfam,House Backup Values Not Equal,5287,
Oxfam,Septic Backup Values Not Equal,5288,
Oxfam,House Backup Values Not Equal,5288,
Oxfam,Septic Backup Values Not Equal,5289,
Oxfam,House Backup Values Not Equal,5289,
Oxfam,Septic Backup Values Not Equal,5290,
Oxfam,House Backup Values Not Equal,5290,
Oxfam,Septic Backup Values Not Equal,5291,
Oxfam,House Backup Values Not Equal,5291,
Oxfam,Septic Backup Values Not Equal,5292,
Oxfam,House Backup Values Not Equal,5292,
Oxfam,Septic Backup Values Not Equal,5293,
Oxfam,House Backup Values Not Equal,5293,
Oxfam,Septic Backup Values Not Equal,5294,
Oxfam,House Backup Values Not Equal,5294,
Oxfam,Septic Backup Values Not Equal,5295,
Oxfam,House Backup Values Not Equal,5295,
Oxfam,Septic Backup Values Not Equal,5296,
Oxfam,House Backup Values Not Equal,5296,
Oxfam,Septic Backup Values Not Equal,5297,
Oxfam,House Backup Values Not Equal,5297,
Oxfam,Septic Backup Values Not Equal,5298,
Oxfam,House Backup Values Not Equal,5298,
Oxfam,Septic Backup Values Not Equal,5299,
Oxfam,House Backup Values Not Equal,5299,
Oxfam,Septic Backup Values Not Equal,5300,
Oxfam,House Backup Values Not Equal,5300,
Oxfam,Septic Backup Values Not Equal,5301,
Oxfam,House Backup Values Not Equal,5301,
Oxfam,Septic Backup Values Not Equal,5302,
Oxfam,House Backup Values Not Equal,5302,
Oxfam,Septic Backup Values Not Equal,5303,
Oxfam,House Backup Values Not Equal,5303,
Oxfam,Septic Backup Values Not Equal,5304,
Oxfam,House Backup Values Not Equal,5304,
Oxfam,Septic Backup Values Not Equal,5305,
Oxfam,House Backup Values Not Equal,5305,
Oxfam,Septic Backup Values Not Equal,5306,
Oxfam,House Backup Values Not Equal,5306,
Oxfam,Septic Backup Values Not Equal,5307,
Oxfam,House Backup Values Not Equal,5307,
Oxfam,Septic Backup Values Not Equal,5308,
Oxfam,House Backup Values Not Equal,5308,
Oxfam,Septic Backup Values Not Equal,5309,
Oxfam,House Backup Values Not Equal,5309,
Oxfam,Septic Backup Values Not Equal,5310,
Oxfam,House Backup Values Not Equal,5310,
Oxfam,Septic Backup Values Not Equal,5311,
Oxfam,House Backup Values Not Equal,5311,
Oxfam,Septic Backup Values Not Equal,5312,
Oxfam,House Backup Values Not Equal,5312,
Oxfam,Septic Backup Values Not Equal,5313,
Oxfam,House Backup Values Not Equal,5313,
Oxfam,Septic Backup Values Not Equal,5314,
Oxfam,House Backup Values Not Equal,5314,
Oxfam,Septic Backup Values Not Equal,5315,
Oxfam,House Backup Values Not Equal,5315,
Oxfam,Septic Backup Values Not Equal,5316,
Oxfam,House Backup Values Not Equal,5316,
Oxfam,Septic Backup Values Not Equal,5317,
Oxfam,House Backup Values Not Equal,5317,
Oxfam,Septic Backup Values Not Equal,5318,
Oxfam,House Backup Values Not Equal,5318,
Oxfam,Septic Backup Values Not Equal,5319,
Oxfam,House Backup Values Not Equal,5319,
Oxfam,Septic Backup Values Not Equal,5320,
Oxfam,House Backup Values Not Equal,5320,
Oxfam,Septic Backup Values Not Equal,5321,
Oxfam,House Backup Values Not Equal,5321,
Oxfam,Septic Backup Values Not Equal,5322,
Oxfam,House Backup Values Not Equal,5322,
Oxfam,Septic Backup Values Not Equal,5323,
Oxfam,House Backup Values Not Equal,5323,
Oxfam,Septic Backup Values Not Equal,5324,
Oxfam,House Backup Values Not Equal,5324,
Oxfam,Septic Backup Values Not Equal,5325,
Oxfam,House Backup Values Not Equal,5325,
Oxfam,Septic Backup Values Not Equal,5326,
Oxfam,House Backup Values Not Equal,5326,
Oxfam,Septic Backup Values Not Equal,5327,
Oxfam,House Backup Values Not Equal,5327,
Oxfam,Septic Backup Values Not Equal,5328,
Oxfam,House Backup Values Not Equal,5328,
Oxfam,Septic Backup Values Not Equal,5329,
Oxfam,House Backup Values Not Equal,5329,
Oxfam,Septic Backup Values Not Equal,5330,
Oxfam,House Backup Values Not Equal,5330,
Oxfam,Septic Backup Values Not Equal,5331,
Oxfam,House Backup Values Not Equal,5331,
Oxfam,Septic Backup Values Not Equal,5332,
Oxfam,House Backup Values Not Equal,5332,
Oxfam,Septic Backup Values Not Equal,5333,
Oxfam,House Backup Values Not Equal,5333,
Oxfam,Septic Backup Values Not Equal,5334,
Oxfam,House Backup Values Not Equal,5334,
Oxfam,Septic Backup Values Not Equal,5335,
Oxfam,House Backup Values Not Equal,5335,
Oxfam,Septic Backup Values Not Equal,5336,
Oxfam,House Backup Values Not Equal,5336,
Oxfam,Septic Backup Values Not Equal,5337,
Oxfam,House Backup Values Not Equal,5337,
Oxfam,Septic Backup Values Not Equal,5338,
Oxfam,House Backup Values Not Equal,5338,
Oxfam,Septic Backup Values Not Equal,5339,
Oxfam,House Backup Values Not Equal,5339,
Oxfam,Septic Backup Values Not Equal,5340,
Oxfam,House Backup Values Not Equal,5340,
Oxfam,Rows are Duplicates,5170,5171
Oxfam,Rows are Duplicates,5030,5031
Oxfam,Rows are Duplicates,4956,4957
Oxfam,Rows are Duplicates,4959,4960
Oxfam,Rows are Duplicates,4719,4720
Oxfam,Rows are Duplicates,4797,4798
Oxfam,Rows are Duplicates,4860,4859
Oxfam,Rows are Duplicates,4805,4802
Oxfam,Rows are Duplicates,4767,4766
Oxfam,Rows are Duplicates,4053,4052
Oxfam,Rows are Duplicates,4047,4048
Oxfam,Rows are Duplicates,4030,4029
Oxfam,Rows are Duplicates,4022,4023
Oxfam,Rows are Duplicates,4087,4088
Oxfam,Rows are Duplicates,4085,4086
Oxfam,Rows are Duplicates,4068,4069
Oxfam,Rows are Duplicates,4164,4163
Oxfam,Rows are Duplicates,4174,4173
Oxfam,Rows are Duplicates,4291,4292
Oxfam,Rows are Duplicates,4343,4342
Oxfam,Rows are Duplicates,4541,4542
Oxfam,Rows are Duplicates,4601,4602
Oxfam,Rows are Duplicates,4692,4693
Oxfam,Rows are Duplicates,4710,4711
Oxfam,Rows are Duplicates,4684,4683
Oxfam,Rows are Duplicates,4695,4696
Oxfam,Rows are Duplicates,4610,4611
Oxfam,Rows are Duplicates,4445,4446
Oxfam,Rows are Duplicates,4482,4483
Oxfam,Rows are Duplicates,4502,4503
Oxfam,Rows are Duplicates,4435,4436
Oxfam,Rows are Duplicates,4378,4377
Oxfam,Rows are Duplicates,4372,4371
Oxfam,Rows are Duplicates,1122,1121
Oxfam,Rows are Duplicates,1137,1138
Oxfam,Rows are Duplicates,1126,1127
Oxfam,Rows are Duplicates,1127,1125
Oxfam,Rows are Duplicates,1126,1125
Oxfam,Rows are Duplicates,1132,1131
Oxfam,Rows are Duplicates,1114,1115
Oxfam,Rows are Duplicates,1116,1117
Oxfam,Rows are Duplicates,1098,1097
Oxfam,Rows are Duplicates,1100,1099
Oxfam,Rows are Duplicates,1029,1028
Oxfam,Rows are Duplicates,1053,1054
Oxfam,Rows are Duplicates,1152,1151
Oxfam,Rows are Duplicates,1270,1269
Oxfam,Rows are Duplicates,1288,1289
Oxfam,Rows are Duplicates,1283,1284
Oxfam,Rows are Duplicates,1436,1435
Oxfam,Rows are Duplicates,1412,1413
Oxfam,Rows are Duplicates,1341,1340
Oxfam,Rows are Duplicates,1346,1345
Oxfam,Rows are Duplicates,1364,1363
Oxfam,Rows are Duplicates,1492,1493
Oxfam,Rows are Duplicates,1602,1603
Oxfam,Rows are Duplicates,1580,1581
Oxfam,Rows are Duplicates,1605,1604
Oxfam,Rows are Duplicates,1625,1626
Oxfam,Rows are Duplicates,2348,2349
Oxfam,Rows are Duplicates,2237,2238
Oxfam,Rows are Duplicates,2223,2224
Oxfam,Rows are Duplicates,2208,2209
Oxfam,Rows are Duplicates,2007,2008
Oxfam,Rows are Duplicates,1950,1949
Oxfam,Rows are Duplicates,1954,1955
Oxfam,Rows are Duplicates,1815,1814
Oxfam,Rows are Duplicates,1773,1772
Oxfam,Rows are Duplicates,1754,1753
Oxfam,Rows are Duplicates,1769,1768
Oxfam,Rows are Duplicates,1718,1719
Oxfam,Rows are Duplicates,1714,1715
Oxfam,Rows are Duplicates,1711,1712
Oxfam,Rows are Duplicates,3810,3811
Oxfam,Rows are Duplicates,3666,3667
Oxfam,Rows are Duplicates,3677,3678
Oxfam,Rows are Duplicates,3570,3569
Oxfam,Rows are Duplicates,3556,3555
Oxfam,Rows are Duplicates,3423,3422
Oxfam,Rows are Duplicates,2931,2930
Oxfam,Rows are Duplicates,2951,2950
Oxfam,Rows are Duplicates,3344,3345
Oxfam,Rows are Duplicates,3220,3219
Oxfam,Rows are Duplicates,3246,3248
Oxfam,Rows are Duplicates,3186,3185
Oxfam,Rows are Duplicates,3198,3199
Oxfam,Rows are Duplicates,3191,3192
Oxfam,Rows are Duplicates,3139,3138
Oxfam,Rows are Duplicates,3160,3161
Oxfam,Rows are Duplicates,3159,3158
Oxfam,Rows are Duplicates,2375,2376
Oxfam,Rows are Duplicates,2735,2736
Oxfam,Rows are Duplicates,2643,2644
Oxfam,Rows are Duplicates,2644,2642
Oxfam,Rows are Duplicates,2643,2642
Oxfam,Rows are Duplicates,2644,2641
Oxfam,Rows are Duplicates,2643,2641
Oxfam,Rows are Duplicates,2642,2641
Oxfam,Rows are Duplicates,2639,2640
Oxfam,Rows are Duplicates,2644,2645
Oxfam,Rows are Duplicates,2604,2603
Oxfam,Rows are Duplicates,2569,2568
Oxfam,Rows are Duplicates,2535,2536
Oxfam,Rows Not Consistent,5058,5059
